{
    "loss": 2.439196825027466,
    "accuracy": 0.8017241358757019
}